ACC_STD_LAT_NBR,ACC_STD_LON_NBR,CAT Severity Code,ACC_PST_LOC_CD,Loss Date,NOL Date
33.460901,-86.80868099999999,3.0,35209,2023-12-09,2023-12-10
33.463252,-86.808134,5.0,35209,2023-12-10,2023-12-10
33.464481,-86.739108,5.0,35243,2023-12-10,2023-12-11
34.814225,-87.550433,2.0,35661,2023-12-09,2023-12-21
33.901793999999995,-84.548282,3.0,30060,2023-12-10,2023-12-10
33.868688999999996,-84.502619,3.0,30080,2023-12-10,2023-12-22
34.218333,-90.57813999999999,3.0,38614,2023-12-09,2023-12-20
34.228179,-90.57149299999999,3.0,38614,2023-12-09,2023-12-27
33.429331999999995,-87.057093,1.0,35023,2023-12-09,2023-12-11
33.469072,-86.776597,3.0,35209,2023-12-10,2023-12-13
33.470515,-86.781893,4.0,35209,2023-12-09,2023-12-10
33.509387,-86.891505,3.0,35218,2023-12-09,2023-12-11
33.504923,-86.722346,5.0,35213,2023-12-09,2023-12-11
33.464234,-86.7409,5.0,35243,2023-12-10,2023-12-10
33.428663,-86.816334,2.0,35226,2023-12-09,2023-12-10
33.265882999999995,-86.820319,2.0,35007,2023-12-09,2023-12-10
33.466958999999996,-86.810285,1.0,35209,2023-12-10,2023-12-10
33.480185999999996,-86.67947,3.0,35242,2023-12-09,2023-12-10
33.479802,-86.734397,2.0,35223,2023-12-11,2023-12-11
33.468058,-86.625275,4.0,35094,2023-12-10,2023-12-11
33.462554,-86.809623,5.0,35209,2023-12-10,2023-12-11
33.510981,-86.847124,5.0,35204,2023-12-09,2023-12-11
33.440559,-86.806764,3.0,35216,2023-12-09,2023-12-11
33.46407,-86.809805,3.0,35209,2023-12-10,2023-12-11
34.042415999999996,-85.970056,3.0,35901,2023-12-09,2023-12-12
33.460421,-86.88317599999999,5.0,35221,2023-12-09,2023-12-12
33.454238,-86.802436,1.0,35216,2023-12-10,2023-12-12
33.4696,-86.79856,3.0,35209,2023-12-10,2023-12-12
33.514412,-86.696429,3.0,35223,2023-12-10,2023-12-12
33.266456,-86.843744,3.0,35080,2023-12-11,2023-12-13
33.417729,-86.849323,1.0,35226,2023-12-10,2023-12-13
33.475408,-86.69215,4.0,35242,2023-12-10,2023-12-13
33.458904,-86.810204,3.0,35209,2023-12-10,2023-12-13
33.59436,-86.735535,3.0,35217,2023-12-09,2023-12-13
33.461565,-86.76412599999999,2.0,35216,2023-12-10,2023-12-13
33.464278,-86.729058,3.0,35243,2023-12-10,2023-12-14
33.469339,-86.765992,3.0,35216,2023-12-10,2023-12-14
33.466606,-86.80184,2.0,35209,2023-12-09,2023-12-14
33.46995,-86.78231699999999,3.0,35209,2023-12-09,2023-12-14
33.517928,-86.668594,3.0,35210,2023-12-11,2023-12-15
33.421879,-86.838492,4.0,35226,2023-12-09,2023-12-15
33.498446,-86.71757,3.0,35223,2023-12-10,2023-12-18
33.204352,-86.84564,4.0,35114,2023-12-10,2023-12-19
33.469978999999995,-86.74355899999999,3.0,35223,2023-12-10,2023-12-19
33.531555,-86.756227,3.0,35212,2023-12-10,2023-12-20
33.51102,-86.74337899999999,1.0,35213,2023-12-09,2023-12-11
33.470439,-86.747408,2.0,35223,2023-12-10,2023-12-10
34.790589,-87.54987899999999,3.0,35661,2023-12-10,2023-12-12
34.906929,-87.58694899999999,4.0,35634,2023-12-09,2023-12-11
32.805076,-84.591759,5.0,31826,2023-12-10,2023-12-10
32.469817,-85.402468,5.0,36804,2023-12-10,2023-12-12
32.789207,-84.558516,4.0,31836,2023-12-10,2023-12-14
32.510306,-84.96336199999999,4.0,31904,2023-12-10,2023-12-26
34.472487,-83.95056799999999,5.0,30533,2023-12-10,2023-12-12
34.250788,-84.243218,2.0,30028,2023-12-10,2023-12-13
33.935537,-83.377826,4.0,30605,2023-12-10,2023-12-21
33.96668,-83.879346,4.0,30019,2023-12-10,2023-12-22
34.024844,-83.895471,3.0,30019,2023-12-10,2023-12-28
31.288019,-82.465418,3.0,31503,2023-12-10,2023-12-11
32.28821,-81.227229,5.0,31326,2023-12-11,2023-12-12
32.233028,-81.259255,4.0,31326,2023-12-10,2023-12-13
32.176432999999996,-81.25227,1.0,31407,2023-12-10,2023-12-21
32.571245999999995,-83.654493,3.0,31005,2023-12-10,2023-12-29
30.9916,-83.3646,3.0,31632,2023-12-09,2023-12-10
33.461473999999995,-82.022667,4.0,30904,2023-12-10,2023-12-10
31.808951999999998,-81.610829,5.0,31313,2023-12-10,2023-12-19
33.916253,-83.904916,3.0,30045,2023-12-09,2023-12-09
34.044517,-84.219095,2.0,30022,2023-12-10,2023-12-14
34.156513,-84.322121,3.0,30004,2023-12-09,2023-12-19
33.853313,-84.384253,3.0,30305,2023-12-10,2023-12-10
33.706587,-84.265918,5.0,30034,2023-12-11,2023-12-11
33.723158,-84.362308,3.0,30312,2023-12-11,2023-12-12
33.752333,-84.30019,4.0,30317,2023-12-11,2023-12-11
33.459348999999996,-84.340293,3.0,30238,2023-12-10,2023-12-10
33.003347999999995,-84.432689,2.0,30258,2023-12-10,2023-12-11
33.543282,-84.38619899999999,4.0,30236,2023-12-10,2023-12-11
33.644799,-84.28547999999999,4.0,30294,2023-12-11,2023-12-11
33.774848999999996,-83.645274,4.0,30655,2023-12-11,2023-12-12
33.589076999999996,-84.403899,5.0,30274,2023-12-09,2023-12-13
33.631251999999996,-84.35207299999999,4.0,30297,2023-12-10,2023-12-13
33.436653,-84.61848499999999,2.0,30269,2023-12-09,2023-12-17
33.615744,-83.945199,3.0,30016,2023-12-10,2023-12-18
33.250934,-84.531613,3.0,30276,2023-12-09,2023-12-21
33.219856,-84.583421,2.0,30276,2023-12-09,2023-12-22
33.233649,-84.27841099999999,4.0,30224,2023-12-10,2023-12-28
33.940145,-84.530095,2.0,30060,2023-12-10,2023-12-12
33.879466,-84.560604,3.0,30060,2023-12-10,2023-12-10
34.237193,-84.42416399999999,3.0,30115,2023-12-10,2023-12-10
34.014931,-84.33458399999999,5.0,30075,2023-12-09,2023-12-10
34.010991,-84.47712399999999,5.0,30062,2023-12-09,2023-12-10
34.162507999999995,-84.36707899999999,4.0,30188,2023-12-10,2023-12-10
34.149115,-84.380284,3.0,30188,2023-12-09,2023-12-11
33.742518,-84.670879,3.0,30122,2023-12-09,2023-12-11
34.304839,-84.213048,5.0,30107,2023-12-09,2023-12-11
34.216023,-84.308022,5.0,30115,2023-12-09,2023-12-11
34.080591,-84.46364799999999,4.0,30188,2023-12-10,2023-12-11
33.922391999999995,-84.375137,4.0,30328,2023-12-10,2023-12-12
33.716961,-84.68401399999999,3.0,30135,2023-12-10,2023-12-13
34.115973,-84.518777,4.0,30188,2023-12-10,2023-12-14
34.002216,-84.60718899999999,4.0,30152,2023-12-09,2023-12-15
33.753299,-84.65284,4.0,30122,2023-12-10,2023-12-16
34.079073,-84.601624,5.0,30102,2023-12-10,2023-12-18
33.859437,-84.58474199999999,4.0,30106,2023-12-09,2023-12-27
34.301884,-84.23965199999999,3.0,30107,2023-12-10,2023-12-27
34.243655,-84.32382299999999,3.0,30115,2023-12-09,2023-12-29
34.223023,-90.592789,3.0,38614,2023-12-09,2023-12-13
34.224199,-90.579352,3.0,38614,2023-12-09,2023-12-09
34.224306999999996,-90.578785,3.0,38614,2023-12-09,2023-12-12
34.232559,-90.60123999999999,3.0,38614,2023-12-09,2023-12-13
34.22922,-90.602699,3.0,38614,2023-12-09,2023-12-13
34.207943,-89.955788,3.0,38658,2023-12-09,2023-12-13
34.233236999999995,-90.600602,3.0,38614,2023-12-09,2023-12-15
34.32447,-89.959896,3.0,38606,2023-12-09,2023-12-16
34.322403,-89.955002,3.0,38606,2023-12-09,2023-12-18
34.229822,-90.582764,3.0,38614,2023-12-09,2023-12-18
34.233208999999995,-90.60351899999999,3.0,38614,2023-12-09,2023-12-18
34.233821999999996,-90.60452699999999,3.0,38614,2023-12-09,2023-12-18
34.220907,-90.53902699999999,3.0,38645,2023-12-09,2023-12-18
34.224748,-90.58358,3.0,38614,2023-12-09,2023-12-20
34.326620999999996,-89.93272999999999,4.0,38606,2023-12-09,2023-12-21
34.289741,-89.923774,3.0,38606,2023-12-09,2023-12-26
34.224249,-90.57699699999999,3.0,38614,2023-12-09,2023-12-27
32.928163999999995,-90.130748,3.0,39039,2023-12-09,2023-12-11
33.05876,-89.58843999999999,5.0,39090,2023-12-09,2023-12-12
34.259707,-88.71099,3.0,38804,2023-12-09,2023-12-21
34.737938,-89.864279,3.0,38618,2023-12-09,2023-12-10
34.935727,-89.93006899999999,4.0,38672,2023-12-09,2023-12-11
34.737775,-89.884468,3.0,38618,2023-12-09,2023-12-11
32.849382999999996,-90.381478,3.0,39194,2023-12-09,2023-12-12
32.874549,-90.399115,3.0,39194,2023-12-09,2023-12-12
32.869175,-90.253749,3.0,39039,2023-12-09,2023-12-13
32.870954,-90.399609,3.0,39194,2023-12-09,2023-12-14
34.73723,-89.86389199999999,3.0,38618,2023-12-09,2023-12-15
34.797616,-89.548495,3.0,38635,2023-12-09,2023-12-16
34.960039,-89.811861,3.0,38654,2023-12-09,2023-12-18
32.875509,-90.39138799999999,3.0,39194,2023-12-09,2023-12-18
32.872929,-90.390597,3.0,39194,2023-12-09,2023-12-20
32.874579,-90.391705,1.0,39194,2023-12-09,2023-12-20
34.773492999999995,-89.847779,3.0,38618,2023-12-09,2023-12-21
32.881879999999995,-90.48539799999999,3.0,39194,2023-12-09,2023-12-27
32.851901999999995,-90.38521399999999,3.0,39194,2023-12-09,2023-12-28
32.840106999999996,-90.367363,3.0,39194,2023-12-09,2023-12-28
34.741931,-89.861097,3.0,38618,2023-12-09,2023-12-29
31.317604,-89.314962,5.0,39401,2023-12-09,2023-12-18
33.20984,-87.56917299999999,3.0,^,2023-12-09,2023-12-11
39.089528,-76.865741,5.0,20707,2023-12-10,2023-12-15
39.936551,-75.304087,5.0,19018,2023-12-10,2023-12-11
39.064516,-76.530926,5.0,21146,2023-12-11,2023-12-12
39.338316999999996,-76.66592299999999,4.0,21215,2023-12-10,2023-12-11
39.327748,-76.592978,5.0,21218,2023-12-10,2023-12-11
39.683544,-76.642287,5.0,21120,2023-12-10,2023-12-10
39.306553,-76.472669,5.0,21221,2023-12-10,2023-12-10
39.393302999999996,-76.440844,5.0,21128,2023-12-10,2023-12-11
39.261379999999996,-76.53125899999999,5.0,21222,2023-12-11,2023-12-11
39.449028,-76.80984099999999,5.0,21136,2023-12-11,2023-12-11
39.399584,-76.421301,4.0,21162,2023-12-10,2023-12-11
39.280497,-76.764005,5.0,21228,2023-12-10,2023-12-11
39.292432,-76.57513,5.0,21224,2023-12-11,2023-12-11
39.586285,-75.837689,5.0,21921,2023-12-10,2023-12-11
39.278633,-76.604019,5.0,21230,2023-12-11,2023-12-11
39.292612999999996,-76.642395,5.0,21223,2023-12-10,2023-12-11
39.389497999999996,-77.499326,4.0,21703,2023-12-10,2023-12-11
39.32888,-76.5317,5.0,21206,2023-12-10,2023-12-11
39.443536,-76.817256,5.0,21136,2023-12-10,2023-12-12
39.279857,-76.636657,5.0,21230,2023-12-11,2023-12-12
39.348923,-76.731201,4.0,21207,2023-12-11,2023-12-12
39.294289,-76.577176,5.0,21224,2023-12-10,2023-12-14
39.559118,-76.076601,5.0,21903,2023-12-10,2023-12-14
39.306852,-76.65370399999999,4.0,21216,2023-12-10,2023-12-14
39.243798999999996,-76.512095,5.0,21222,2023-12-11,2023-12-15
39.17059,-76.558014,5.0,21060,2023-12-10,2023-12-12
39.18515,-76.56313999999999,5.0,21060,2023-12-11,2023-12-18
39.378114,-76.570331,4.0,21234,2023-12-11,2023-12-11
39.303734999999996,-76.631992,4.0,21217,2023-12-11,2023-12-11
39.325567,-76.59054499999999,5.0,21218,2023-12-11,2023-12-11
40.181557999999995,-75.308843,5.0,19446,2023-12-11,2023-12-12
40.412938,-75.927021,5.0,19560,2023-12-10,2023-12-10
40.15538,-75.218474,4.0,19002,2023-12-11,2023-12-11
40.246317,-75.16581599999999,5.0,18976,2023-12-11,2023-12-11
40.219271,-75.34335399999999,5.0,19446,2023-12-11,2023-12-11
40.144417,-75.411258,5.0,19403,2023-12-11,2023-12-11
40.313742,-75.151056,5.0,18901,2023-12-10,2023-12-11
40.269362,-75.218374,5.0,18914,2023-12-10,2023-12-11
40.200122,-75.362792,4.0,19426,2023-12-11,2023-12-11
40.263864999999996,-75.607777,4.0,19464,2023-12-11,2023-12-11
40.281368,-75.984399,5.0,19540,2023-12-11,2023-12-11
40.025718,-75.320059,5.0,19010,2023-12-11,2023-12-11
40.241747,-75.632757,5.0,19464,2023-12-10,2023-12-11
40.319361,-75.121082,4.0,18901,2023-12-11,2023-12-12
40.057964,-75.318028,5.0,19085,2023-12-10,2023-12-12
40.110343,-75.333592,5.0,19401,2023-12-10,2023-12-13
40.327881999999995,-75.987019,5.0,19609,2023-12-10,2023-12-13
40.123844999999996,-75.343407,3.0,19401,2023-12-10,2023-12-14
40.365518,-75.277002,5.0,18944,2023-12-10,2023-12-18
40.124758,-75.33457299999999,4.0,19401,2023-12-11,2023-12-18
40.285419999999995,-75.086015,4.0,18925,2023-12-11,2023-12-19
40.236208999999995,-74.90937199999999,3.0,18940,2023-12-11,2023-12-27
39.990105,-75.768659,5.0,19335,2023-12-09,2023-12-10
40.023109999999996,-75.549999,4.0,19355,2023-12-11,2023-12-11
39.846226,-75.431465,5.0,19014,2023-12-10,2023-12-11
39.868992999999996,-75.413944,5.0,19014,2023-12-10,2023-12-11
39.99198,-75.387301,4.0,19073,2023-12-11,2023-12-11
39.974326999999995,-75.528093,5.0,19380,2023-12-10,2023-12-11
39.917426,-75.291581,5.0,19018,2023-12-11,2023-12-11
39.824968999999996,-75.450082,5.0,19061,2023-12-11,2023-12-18
40.203322,-76.12394599999999,5.0,17578,2023-12-11,2023-12-11
39.99765,-76.835619,5.0,17315,2023-12-11,2023-12-11
40.233608,-77.028341,5.0,17050,2023-12-10,2023-12-13
40.009127,-76.345647,4.0,17551,2023-12-11,2023-12-11
39.040531,-77.13610899999999,4.0,20852,2023-12-10,2023-12-10
39.078812,-77.11524399999999,5.0,20851,2023-12-10,2023-12-10
39.242878999999995,-77.264973,5.0,20871,2023-12-10,2023-12-11
39.166315,-77.30413899999999,5.0,20841,2023-12-10,2023-12-12
39.076930999999995,-77.134811,4.0,20851,2023-12-10,2023-12-15
39.114028999999995,-76.999574,4.0,20905,2023-12-10,2023-12-18
39.119411,-77.245949,5.0,20878,2023-12-10,2023-12-11
39.939537,-75.148724,5.0,19147,2023-12-10,2023-12-10
39.978587,-75.264883,5.0,19151,2023-12-10,2023-12-10
39.92404,-75.183399,5.0,19145,2023-12-11,2023-12-11
39.923352,-75.159002,5.0,19148,2023-12-11,2023-12-11
39.981325,-75.142935,5.0,19122,2023-12-11,2023-12-11
39.922962,-75.155849,5.0,19148,2023-12-10,2023-12-13
39.936369,-75.175449,5.0,19146,2023-12-11,2023-12-15
39.976200999999996,-75.146029,5.0,19122,2023-12-10,2023-12-11
40.389306,-80.05576599999999,5.0,15216,2023-12-11,2023-12-11
40.609114999999996,-75.468772,4.0,18102,2023-12-10,2023-12-10
41.268077,-75.834485,4.0,18705,2023-12-10,2023-12-11
40.675146,-75.284953,1.0,18045,2023-12-10,2023-12-11
41.455872,-75.337422,3.0,18436,2023-12-11,2023-12-11
40.822427,-75.911148,4.0,18218,2023-12-10,2023-12-11
41.004766,-75.261329,4.0,18360,2023-12-11,2023-12-11
41.41543,-75.344574,3.0,18436,2023-12-11,2023-12-11
40.606798999999995,-75.474218,3.0,18102,2023-12-10,2023-12-11
41.016912,-75.195443,2.0,18301,2023-12-11,2023-12-12
40.747493999999996,-75.611673,4.0,18080,2023-12-10,2023-12-12
41.119985,-75.144724,2.0,18302,2023-12-10,2023-12-12
41.425508,-75.662409,4.0,18508,2023-12-10,2023-12-13
41.266469,-75.877596,5.0,18704,2023-12-09,2023-12-13
40.576836,-75.449776,4.0,18103,2023-12-11,2023-12-15
38.262045,-76.468256,4.0,20653,2023-12-11,2023-12-11
39.190532,-76.647263,5.0,21061,2023-12-10,2023-12-10
38.96174,-76.617769,5.0,21035,2023-12-10,2023-12-10
38.916601,-76.637207,4.0,21035,2023-12-11,2023-12-11
38.470726,-76.59189099999999,5.0,20676,2023-12-10,2023-12-11
39.146527999999996,-76.62124399999999,5.0,21061,2023-12-11,2023-12-11
38.704661,-76.542009,3.0,20714,2023-12-10,2023-12-11
38.800084,-76.97840099999999,5.0,20744,2023-12-11,2023-12-11
38.913841999999995,-76.83331299999999,4.0,20721,2023-12-10,2023-12-11
38.901847,-76.89126999999999,5.0,20785,2023-12-10,2023-12-11
38.901847,-76.89126999999999,5.0,20785,2023-12-10,2023-12-11
38.484899,-76.685215,5.0,20659,2023-12-11,2023-12-11
38.574593,-76.908757,5.0,20602,2023-12-11,2023-12-11
38.361456,-76.399971,4.0,20657,2023-12-11,2023-12-11
39.039501,-76.45823399999999,5.0,21409,2023-12-11,2023-12-11
39.105778,-76.90845399999999,4.0,20707,2023-12-09,2023-12-11
38.633064,-76.944135,4.0,20603,2023-12-11,2023-12-11
38.539063999999996,-76.994112,2.0,20646,2023-12-10,2023-12-12
38.884383,-76.337913,4.0,21666,2023-12-11,2023-12-12
38.615187,-77.034432,4.0,20695,2023-12-10,2023-12-12
38.769934,-76.788009,5.0,20772,2023-12-10,2023-12-13
38.261119,-76.475163,5.0,20653,2023-12-11,2023-12-13
38.260179,-76.48441799999999,5.0,20653,2023-12-10,2023-12-14
38.594791,-76.89174899999999,4.0,20602,2023-12-11,2023-12-14
38.650831,-76.848091,4.0,20601,2023-12-11,2023-12-18
39.104405,-76.614908,5.0,21108,2023-12-10,2023-12-21
38.650831,-76.848091,4.0,20601,2023-12-11,2023-12-11
38.918306,-76.524886,5.0,21037,2023-12-10,2023-12-11
39.127718,-76.632586,5.0,21061,2023-12-11,2023-12-11
38.705521999999995,-76.99024299999999,4.0,20744,2023-12-11,2023-12-11
42.219311999999995,-70.808008,4.0,02025,2023-12-10,2023-12-13
42.194797,-71.53387599999999,2.0,01748,2023-12-10,2023-12-13
42.193284999999996,-72.63306399999999,3.0,01040,2023-12-10,2023-12-12
42.262692,-71.773823,4.0,01604,2023-12-10,2023-12-12
41.979169,-71.343524,4.0,02760,2023-12-11,2023-12-11
42.475125,-71.175715,4.0,01801,2023-12-11,2023-12-11
42.428163999999995,-70.98053399999999,5.0,02151,2023-12-11,2023-12-11
42.36228,-71.114238,4.0,02139,2023-12-10,2023-12-11
42.239726999999995,-71.883195,5.0,01611,2023-12-10,2023-12-11
42.394174,-71.106205,4.0,02145,2023-12-10,2023-12-11
42.230069,-71.794663,4.0,01607,2023-12-11,2023-12-11
41.944842,-71.279319,2.0,02703,2023-12-11,2023-12-11
42.194797,-71.53387599999999,3.0,01748,2023-12-10,2023-12-12
41.921898,-71.28666,3.0,02703,2023-12-10,2023-12-12
42.070059,-71.01643299999999,3.0,02301,2023-12-11,2023-12-12
42.563962,-71.204814,4.0,01887,2023-12-11,2023-12-12
42.472091,-71.003316,5.0,01906,2023-12-11,2023-12-12
42.340876,-71.052758,4.0,02127,2023-12-11,2023-12-12
42.027370999999995,-71.21423899999999,5.0,02048,2023-12-11,2023-12-13
42.032575,-71.179217,4.0,02048,2023-12-10,2023-12-13
42.053832,-72.470319,3.0,01028,2023-12-09,2023-12-14
42.146612,-72.598537,3.0,01013,2023-12-11,2023-12-14
42.134608,-71.08765799999999,4.0,02072,2023-12-10,2023-12-11
41.215841999999995,-73.718417,3.0,10549,2023-12-10,2023-12-11
41.11765,-73.696174,2.0,10504,2023-12-11,2023-12-13
40.826737,-73.418547,5.0,11746,2023-12-10,2023-12-11
40.785672999999996,-74.224102,1.0,07050,2023-12-10,2023-12-11
40.838922,-74.612813,3.0,07869,2023-12-11,2023-12-12
40.717172,-73.839034,5.0,11375,2023-12-11,2023-12-18
40.684109,-73.957655,4.0,11238,2023-12-10,2023-12-12
40.265434,-74.677635,4.0,08619,2023-12-11,2023-12-11
40.372223999999996,-74.37856099999999,4.0,08831,2023-12-10,2023-12-10
40.434908,-74.501476,5.0,08902,2023-12-10,2023-12-10
40.61503,-75.145444,3.0,08804,2023-12-10,2023-12-11
40.777989999999996,-74.636292,3.0,07945,2023-12-10,2023-12-11
40.243975999999996,-74.785416,2.0,08618,2023-12-10,2023-12-11
40.706558,-74.88996,2.0,07830,2023-12-11,2023-12-11
40.614022999999996,-74.23311799999999,4.0,07036,2023-12-10,2023-12-12
40.346537999999995,-74.25871,4.0,07746,2023-12-09,2023-12-12
40.222384999999996,-74.65379899999999,3.0,08690,2023-12-11,2023-12-12
40.683842,-74.585449,3.0,07920,2023-12-11,2023-12-12
40.58838,-74.665556,4.0,08807,2023-12-10,2023-12-13
40.680707,-74.84289799999999,2.0,08833,2023-12-10,2023-12-13
40.51707,-74.274408,3.0,08861,2023-12-10,2023-12-14
40.878994,-73.572735,5.0,11560,2023-12-10,2023-12-10
40.701439,-73.510789,5.0,11793,2023-12-11,2023-12-11
40.771879999999996,-73.347011,4.0,11746,2023-12-10,2023-12-11
40.746286999999995,-73.697097,4.0,11040,2023-12-10,2023-12-11
40.654539,-73.54377,4.0,11566,2023-12-10,2023-12-11
40.879852,-73.318868,4.0,11731,2023-12-10,2023-12-11
40.618584,-73.75441,5.0,11096,2023-12-11,2023-12-11
40.699853999999995,-73.681089,4.0,11010,2023-12-09,2023-12-12
40.701519999999995,-73.65558,4.0,11552,2023-12-10,2023-12-12
40.722646,-73.469889,4.0,11735,2023-12-09,2023-12-12
40.68107,-73.74414999999999,4.0,11413,2023-12-09,2023-12-14
41.96125,-71.216537,4.0,02766,2023-12-10,2023-12-11
42.016129,-71.039324,3.0,02379,2023-12-11,2023-12-11
40.668633,-74.111505,3.0,07002,2023-12-10,2023-12-19
40.723504,-74.376105,4.0,07901,2023-12-11,2023-12-11
40.739992,-74.048776,2.0,07307,2023-12-10,2023-12-11
40.866462,-74.14327899999999,3.0,07011,2023-12-11,2023-12-11
40.77107,-74.197082,4.0,07017,2023-12-11,2023-12-12
41.047211,-74.03426999999999,3.0,07645,2023-12-10,2023-12-12
40.675351,-74.119942,2.0,07002,2023-12-10,2023-12-13
40.775414999999995,-74.277669,3.0,07052,2023-12-09,2023-12-14
40.795519999999996,-74.14961199999999,3.0,07109,2023-12-10,2023-12-26
40.911139,-73.978273,5.0,07631,2023-12-11,2023-12-28
40.706419,-73.740582,3.0,11429,2023-12-09,2023-12-11
40.723634,-73.77368299999999,2.0,11423,2023-12-11,2023-12-11
40.717546999999996,-73.819424,5.0,11367,2023-12-11,2023-12-12
40.004639999999995,-74.80131899999999,4.0,08060,2023-12-10,2023-12-11
39.875308,-74.20587499999999,4.0,08731,2023-12-10,2023-12-10
39.969493,-74.267789,3.0,08757,2023-12-10,2023-12-10
39.976949999999995,-74.920492,5.0,08057,2023-12-10,2023-12-10
39.544295,-74.87856099999999,2.0,08310,2023-12-10,2023-12-11
40.003387,-74.278594,2.0,08759,2023-12-10,2023-12-11
39.857541,-75.01847099999999,4.0,08083,2023-12-11,2023-12-11
40.152653,-74.200863,4.0,07731,2023-12-10,2023-12-11
39.762962,-74.867856,5.0,08004,2023-12-10,2023-12-12
40.150121999999996,-74.692324,4.0,08505,2023-12-11,2023-12-12
39.856918,-74.855766,4.0,08055,2023-12-11,2023-12-12
39.902333,-74.99967,4.0,08034,2023-12-09,2023-12-12
39.885774,-75.045068,3.0,08033,2023-12-11,2023-12-12
39.929745,-74.99051899999999,4.0,08034,2023-12-10,2023-12-14
39.444793,-74.997604,4.0,08361,2023-12-10,2023-12-14
39.906977999999995,-75.10673799999999,4.0,08104,2023-12-11,2023-12-14
39.851755,-74.22027,1.0,08731,2023-12-10,2023-12-15
40.008258,-75.037748,5.0,08065,2023-12-09,2023-12-19
39.738848999999995,-74.272583,5.0,08050,2023-12-11,2023-12-22
41.012645,-73.87874,5.0,10522,2023-12-10,2023-12-15
35.705071,-78.63722899999999,3.0,27529,2023-12-10,2023-12-10
38.913954,-77.375194,3.0,20171,2023-12-11,2023-12-14
35.410284,-80.88153899999999,4.0,28078,2023-12-11,2023-12-12
35.18046,-80.894862,3.0,28217,2023-12-10,2023-12-10
35.220756,-80.76490799999999,2.0,28205,2023-12-10,2023-12-10
35.331841,-80.588539,5.0,28025,2023-12-10,2023-12-11
35.416412,-80.88202299999999,4.0,28078,2023-12-10,2023-12-11
35.210898,-80.92815499999999,5.0,28208,2023-12-10,2023-12-11
34.9417,-80.75426399999999,4.0,28173,2023-12-11,2023-12-11
35.275661,-80.946223,3.0,28214,2023-12-10,2023-12-11
35.385577,-80.797009,3.0,28078,2023-12-10,2023-12-11
35.30654,-80.961394,3.0,28214,2023-12-10,2023-12-11
35.055433,-80.694154,1.0,28104,2023-12-10,2023-12-12
35.193509999999996,-80.588925,5.0,28227,2023-12-11,2023-12-13
35.039549,-80.802472,5.0,28277,2023-12-11,2023-12-13
34.965562,-80.547718,4.0,28112,2023-12-11,2023-12-13
34.973493999999995,-80.558717,4.0,28112,2023-12-10,2023-12-13
35.422959,-80.58905299999999,3.0,28025,2023-12-10,2023-12-14
35.218548,-80.873829,4.0,28208,2023-12-10,2023-12-15
34.976157,-80.582421,5.0,28112,2023-12-10,2023-12-15
35.026204,-80.66884499999999,4.0,28079,2023-12-10,2023-12-17
35.248951999999996,-80.93321399999999,3.0,28214,2023-12-10,2023-12-19
35.319497999999996,-80.811329,4.0,28269,2023-12-10,2023-12-26
35.354957,-80.187535,5.0,28001,2023-12-10,2023-12-26
35.360803,-80.794388,4.0,28269,2023-12-10,2023-12-28
35.250952,-80.85389599999999,3.0,28216,2023-12-10,2023-12-28
35.169592,-80.864081,3.0,28210,2023-12-10,2023-12-28
35.0328,-80.56569999999999,4.0,28110,2023-12-10,2023-12-11
35.913348,-81.536401,5.0,28645,2023-12-10,2023-12-11
35.387277,-81.358937,2.0,28021,2023-12-09,2023-12-16
35.656479,-78.612741,3.0,27529,2023-12-10,2023-12-12
35.235592,-78.81541399999999,4.0,28356,2023-12-11,2023-12-12
35.704563,-78.638572,3.0,27529,2023-12-10,2023-12-10
35.698828,-78.641538,2.0,27529,2023-12-10,2023-12-11
35.664142,-78.838929,5.0,27540,2023-12-10,2023-12-11
35.058329,-78.938575,5.0,28303,2023-12-10,2023-12-11
35.699405,-78.642487,2.0,27529,2023-12-10,2023-12-11
36.102,-78.299196,2.0,27549,2023-12-10,2023-12-11
35.865929,-78.851569,5.0,27560,2023-12-10,2023-12-11
35.707971,-78.631041,5.0,27529,2023-12-10,2023-12-11
36.008127,-77.96386199999999,2.0,27856,2023-12-10,2023-12-11
35.713184999999996,-78.793211,3.0,27518,2023-12-10,2023-12-11
35.813894,-78.648122,3.0,27608,2023-12-10,2023-12-11
35.507967,-78.345947,3.0,27577,2023-12-09,2023-12-12
35.800039999999996,-78.897432,3.0,27519,2023-12-10,2023-12-12
35.704439,-78.634586,3.0,27529,2023-12-10,2023-12-12
35.098029,-79.758325,5.0,28338,2023-12-11,2023-12-12
35.724098,-78.59119299999999,3.0,27529,2023-12-10,2023-12-12
35.201919,-78.776502,4.0,28356,2023-12-10,2023-12-12
35.744274,-79.061359,3.0,27517,2023-12-10,2023-12-13
35.525983,-78.855942,3.0,27526,2023-12-10,2023-12-14
35.896848,-78.521151,3.0,27616,2023-12-10,2023-12-14
35.742217,-78.596015,3.0,27610,2023-12-10,2023-12-16
35.701276,-78.638064,2.0,27529,2023-12-10,2023-12-21
35.929418,-78.560439,3.0,27614,2023-12-10,2023-12-29
35.513393,-78.72013299999999,3.0,27501,2023-12-10,2023-12-30
35.730205,-78.543222,3.0,27610,2023-12-10,2023-12-13
35.786404,-78.487258,3.0,27545,2023-12-10,2023-12-14
36.268178999999996,-78.210747,3.0,27589,2023-12-10,2023-12-28
35.707994,-78.631292,3.0,27529,2023-12-11,2023-12-30
35.857772,-78.56937099999999,2.0,27616,2023-12-10,2023-12-11
35.782233999999995,-80.274914,4.0,27292,2023-12-11,2023-12-11
36.075196999999996,-80.339444,4.0,27104,2023-12-10,2023-12-11
35.970622,-80.470091,4.0,27006,2023-12-11,2023-12-11
36.130054,-79.823807,4.0,27455,2023-12-10,2023-12-11
35.723003999999996,-79.468367,3.0,27344,2023-12-10,2023-12-12
36.081627,-80.28453499999999,3.0,27103,2023-12-11,2023-12-12
36.084317999999996,-79.107182,3.0,27278,2023-12-10,2023-12-13
36.153002,-79.830236,5.0,27455,2023-12-10,2023-12-17
36.053985,-80.300249,3.0,27103,2023-12-10,2023-12-22
36.081140999999995,-80.35025,3.0,27104,2023-12-10,2023-12-26
35.562673,-80.51608399999999,3.0,28146,2023-12-10,2023-12-30
36.115567999999996,-80.665041,3.0,27055,2023-12-09,2023-12-13
36.15168,-79.500371,4.0,27244,2023-12-10,2023-12-11
35.232717,-82.26007899999999,4.0,28782,2023-12-10,2023-12-11
35.887381,-80.20960699999999,2.0,27295,2023-12-11,2023-12-11
35.690188,-79.76762699999999,5.0,27205,2023-12-10,2023-12-11
35.971334999999996,-79.881186,3.0,27407,2023-12-10,2023-12-12
35.85311,-78.67219399999999,1.0,27612,2023-12-10,2023-12-13
37.664010999999995,-77.604957,5.0,23059,2023-12-10,2023-12-10
37.212075,-77.324832,4.0,23875,2023-12-10,2023-12-10
38.210629999999995,-77.534222,5.0,22407,2023-12-10,2023-12-10
37.485161999999995,-77.613063,4.0,23236,2023-12-10,2023-12-10
37.431709,-77.475461,3.0,23234,2023-12-11,2023-12-11
37.539685999999996,-77.464134,4.0,23220,2023-12-10,2023-12-11
37.377738,-77.716042,2.0,23832,2023-12-11,2023-12-11
37.624179,-77.595485,5.0,23238,2023-12-10,2023-12-11
37.48534,-77.196406,4.0,23150,2023-12-10,2023-12-11
37.659016,-77.558758,5.0,23060,2023-12-10,2023-12-11
37.63068,-77.423521,4.0,23227,2023-12-10,2023-12-11
37.477319,-77.39439899999999,2.0,23231,2023-12-11,2023-12-11
37.535728,-77.31539,4.0,23075,2023-12-10,2023-12-11
37.543436,-77.41439799999999,2.0,23223,2023-12-10,2023-12-11
37.577270999999996,-77.414383,4.0,23222,2023-12-10,2023-12-11
37.489869,-77.386305,4.0,23231,2023-12-10,2023-12-11
37.66175,-77.52383999999999,4.0,23060,2023-12-11,2023-12-11
37.537563999999996,-77.297854,4.0,23150,2023-12-11,2023-12-11
37.301564,-77.31740599999999,5.0,23860,2023-12-10,2023-12-11
37.538515,-77.33169699999999,3.0,23075,2023-12-10,2023-12-11
37.596789,-77.449793,4.0,23227,2023-12-11,2023-12-11
36.810120999999995,-77.471983,2.0,23867,2023-12-10,2023-12-11
37.539215999999996,-77.36983599999999,3.0,23223,2023-12-10,2023-12-12
37.185199,-77.352199,5.0,23805,2023-12-10,2023-12-12
37.571538,-77.429959,5.0,23222,2023-12-10,2023-12-12
37.417865,-77.68195399999999,4.0,23112,2023-12-10,2023-12-12
37.377832,-77.518939,4.0,23832,2023-12-10,2023-12-12
37.543400999999996,-77.641106,5.0,23113,2023-12-10,2023-12-12
37.212897,-77.314241,4.0,23875,2023-12-10,2023-12-13
37.452746,-77.524044,3.0,23832,2023-12-10,2023-12-13
38.296185,-77.524704,4.0,22407,2023-12-11,2023-12-13
37.439237999999996,-77.47899699999999,4.0,23234,2023-12-10,2023-12-13
37.689707,-77.582644,5.0,23059,2023-12-10,2023-12-14
37.598808999999996,-77.218722,3.0,23111,2023-12-10,2023-12-14
37.183439,-77.407522,5.0,23805,2023-12-10,2023-12-16
37.589103,-77.532026,5.0,23226,2023-12-10,2023-12-18
37.337965,-77.362916,5.0,23836,2023-12-10,2023-12-20
37.472004999999996,-77.350883,4.0,23231,2023-12-10,2023-12-21
36.944109,-77.525919,4.0,23882,2023-12-11,2023-12-22
37.449282,-77.53418599999999,4.0,23832,2023-12-10,2023-12-27
37.509746,-77.387501,4.0,23231,2023-12-10,2023-12-29
38.283255,-77.4576,3.0,22401,2023-12-10,2023-12-18
37.491248,-77.51227899999999,5.0,23225,2023-12-10,2023-12-10
37.577307999999995,-77.42254,3.0,23222,2023-12-10,2023-12-11
37.421202,-77.491451,5.0,23234,2023-12-11,2023-12-12
38.796318,-77.04966,4.0,22314,2023-12-11,2023-12-15
38.990826,-77.535054,4.0,20148,2023-12-10,2023-12-10
38.944942,-77.276731,4.0,22182,2023-12-10,2023-12-10
38.804035999999996,-77.627301,5.0,20155,2023-12-09,2023-12-10
38.709863999999996,-77.401338,5.0,20112,2023-12-10,2023-12-11
38.741716,-77.479365,5.0,20110,2023-12-10,2023-12-11
38.859966,-77.09074799999999,4.0,22204,2023-12-10,2023-12-11
38.810638999999995,-77.12283699999999,3.0,22304,2023-12-10,2023-12-11
38.760366999999995,-77.093897,4.0,22306,2023-12-10,2023-12-11
38.822068,-77.30115099999999,4.0,22032,2023-12-10,2023-12-11
38.657489,-77.773952,4.0,20187,2023-12-10,2023-12-11
38.753039,-77.230994,3.0,22153,2023-12-10,2023-12-11
38.660759,-77.336548,3.0,22193,2023-12-11,2023-12-12
38.650377,-77.268491,3.0,22191,2023-12-11,2023-12-12
39.158507,-78.14796799999999,4.0,22602,2023-12-10,2023-12-12
38.814119999999996,-77.286388,3.0,22032,2023-12-10,2023-12-12
38.852731999999996,-77.40819599999999,4.0,20120,2023-12-10,2023-12-14
38.789339,-77.260373,3.0,22015,2023-12-10,2023-12-14
38.801513,-77.232157,3.0,22151,2023-12-10,2023-12-15
38.630292,-77.270538,3.0,22191,2023-12-10,2023-12-15
38.620351,-77.277819,3.0,22191,2023-12-10,2023-12-16
38.968326999999995,-77.507549,5.0,20148,2023-12-11,2023-12-18
38.664804,-77.39093,4.0,22193,2023-12-10,2023-12-20
38.633404999999996,-77.301553,2.0,22193,2023-12-11,2023-12-26
38.868364,-77.339534,5.0,22033,2023-12-10,2023-12-26
38.933197,-77.551683,5.0,20105,2023-12-11,2023-12-17
38.761792,-77.152958,3.0,22315,2023-12-10,2023-12-11
38.775194,-77.611728,5.0,20155,2023-12-10,2023-12-11
36.800999,-76.41291,5.0,23321,2023-12-10,2023-12-10
36.787327999999995,-76.159444,4.0,23464,2023-12-10,2023-12-10
37.032357,-76.438203,5.0,23605,2023-12-10,2023-12-11
36.851185,-76.25696599999999,4.0,23504,2023-12-11,2023-12-15
37.111469,-76.523676,5.0,23602,2023-12-09,2023-12-17
37.535401,-79.088015,3.0,24521,2023-12-11,2023-12-11
38.059585,-78.502481,3.0,22901,2023-12-11,2023-12-11
36.735352999999996,-79.549509,4.0,24549,2023-12-10,2023-12-30
36.59294,-79.441193,4.0,24541,2023-12-10,2023-12-10
36.345787,-86.509194,2.0,37066,2023-12-09,2023-12-09
36.606722,-87.392718,3.0,37042,2023-12-09,2023-12-09
36.348963,-86.489504,5.0,37066,2023-12-09,2023-12-09
36.33743,-86.530323,3.0,37066,2023-12-09,2023-12-09
36.278228,-86.70164299999999,5.0,37115,2023-12-09,2023-12-10
36.324574999999996,-86.558545,2.0,37075,2023-12-09,2023-12-21
35.472443999999996,-84.42247499999999,4.0,37354,2023-12-10,2023-12-10
35.930634,-84.10918699999999,1.0,37923,2023-12-09,2023-12-10
36.012654999999995,-84.304754,3.0,37830,2023-12-09,2023-12-11
35.473011,-85.01594999999999,2.0,37321,2023-12-09,2023-12-16
36.008618999999996,-84.08323,4.0,37849,2023-12-09,2023-12-11
36.103353,-83.92056099999999,4.0,37938,2023-12-09,2023-12-12
35.206419,-86.084178,5.0,37324,2023-12-11,2023-12-21
35.946081,-84.048712,3.0,37909,2023-12-10,2023-12-28
35.986072,-83.905014,4.0,37917,2023-12-09,2023-12-11
36.072075,-83.839337,2.0,37918,2023-12-09,2023-12-10
38.300857,-85.598782,5.0,40241,2023-12-09,2023-12-13
38.331671,-85.439645,3.0,40014,2023-12-09,2023-12-19
35.238521999999996,-90.002152,4.0,38127,2023-12-09,2023-12-13
35.258983,-88.995429,4.0,38008,2023-12-09,2023-12-14
36.28356,-86.690568,4.0,37115,2023-12-09,2023-12-11
35.492211999999995,-86.097628,3.0,37355,2023-12-09,2023-12-11
36.309431,-86.619168,3.0,37075,2023-12-09,2023-12-11
36.30314,-86.638116,3.0,37075,2023-12-09,2023-12-13
36.321799,-86.57179099999999,3.0,37075,2023-12-09,2023-12-22
36.263154,-86.761657,4.0,37207,2023-12-09,2023-12-09
36.118612,-86.71477999999999,3.0,37217,2023-12-09,2023-12-09
36.30917,-86.615749,2.0,37075,2023-12-09,2023-12-09
36.270925999999996,-86.723118,5.0,37115,2023-12-09,2023-12-09
35.760483,-86.86945,5.0,37174,2023-12-09,2023-12-09
36.338145,-86.53002699999999,1.0,37066,2023-12-09,2023-12-09
36.299583999999996,-86.641029,1.0,37075,2023-12-09,2023-12-10
36.263740999999996,-86.72334599999999,3.0,37115,2023-12-09,2023-12-10
36.355591,-86.475917,2.0,37066,2023-12-09,2023-12-10
36.354372,-86.471412,3.0,37066,2023-12-09,2023-12-10
36.355809,-86.471249,3.0,37066,2023-12-09,2023-12-10
36.3224,-86.60379999999999,3.0,37075,2023-12-09,2023-12-11
36.343112999999995,-86.50881,3.0,37066,2023-12-09,2023-12-11
36.393595,-86.36013,3.0,37066,2023-12-09,2023-12-11
36.336886,-86.525302,3.0,37066,2023-12-09,2023-12-11
36.339957,-86.529302,3.0,37066,2023-12-09,2023-12-11
36.33929,-86.51903999999999,3.0,37066,2023-12-09,2023-12-11
36.3214,-86.60369999999999,3.0,37075,2023-12-09,2023-12-11
36.325134,-86.55895,2.0,37075,2023-12-09,2023-12-11
36.355292999999996,-86.47581799999999,3.0,37066,2023-12-09,2023-12-11
36.365549,-86.433796,3.0,37066,2023-12-09,2023-12-11
36.279495,-86.69848499999999,2.0,37115,2023-12-09,2023-12-11
36.384299999999996,-86.4609,2.0,37066,2023-12-09,2023-12-11
36.319886,-86.585472,3.0,37075,2023-12-09,2023-12-11
36.298862,-86.642455,2.0,37075,2023-12-09,2023-12-11
36.372119999999995,-86.40288699999999,3.0,37066,2023-12-09,2023-12-11
36.301840999999996,-86.6455,3.0,37075,2023-12-09,2023-12-11
36.331849999999996,-86.568806,3.0,37075,2023-12-09,2023-12-11
36.296607,-86.58524799999999,4.0,37075,2023-12-09,2023-12-11
36.280863,-86.697232,3.0,37115,2023-12-09,2023-12-11
36.328556999999996,-86.54871,3.0,37075,2023-12-09,2023-12-11
36.361945,-86.448723,3.0,37066,2023-12-09,2023-12-11
36.306557999999995,-86.613995,5.0,37075,2023-12-09,2023-12-12
36.3624,-86.44873799999999,3.0,37066,2023-12-09,2023-12-12
36.324988999999995,-86.562035,3.0,37075,2023-12-09,2023-12-12
36.233022999999996,-86.62844,3.0,37138,2023-12-09,2023-12-12
36.333076,-86.541009,3.0,37066,2023-12-09,2023-12-12
36.397115,-86.336764,3.0,37031,2023-12-09,2023-12-12
36.323923,-86.559516,3.0,37075,2023-12-09,2023-12-13
36.2026,-86.51149,4.0,37122,2023-12-09,2023-12-13
36.344239,-86.51619,5.0,37066,2023-12-09,2023-12-13
36.358774,-86.433525,3.0,37066,2023-12-09,2023-12-13
36.276731,-86.70692199999999,3.0,37115,2023-12-09,2023-12-13
35.921701999999996,-86.78525499999999,3.0,37067,2023-12-09,2023-12-13
36.589026,-87.42475999999999,3.0,37042,2023-12-09,2023-12-13
36.355269,-86.545684,3.0,37075,2023-12-09,2023-12-14
36.395356,-86.435037,4.0,37066,2023-12-10,2023-12-14
36.28425,-86.69901,3.0,37115,2023-12-09,2023-12-14
36.623929,-87.33319999999999,5.0,37042,2023-12-09,2023-12-14
36.360088999999995,-86.45202499999999,3.0,37066,2023-12-10,2023-12-14
36.351447,-86.473225,3.0,37066,2023-12-09,2023-12-14
36.262397,-86.74553399999999,3.0,37115,2023-12-09,2023-12-14
36.343965,-86.517466,2.0,37066,2023-12-09,2023-12-14
36.194652999999995,-86.76208,3.0,37207,2023-12-09,2023-12-15
36.319406,-86.58617199999999,3.0,37075,2023-12-09,2023-12-18
36.620523,-87.35495499999999,1.0,37042,2023-12-09,2023-12-18
36.29547,-86.371224,3.0,37087,2023-12-09,2023-12-18
36.315503,-86.58068,3.0,37075,2023-12-09,2023-12-18
36.274798,-86.71831999999999,1.0,37115,2023-12-10,2023-12-18
36.174168,-86.73706899999999,5.0,37206,2023-12-11,2023-12-18
36.343182,-86.50988699999999,3.0,37066,2023-12-09,2023-12-19
36.01452,-88.103822,3.0,38320,2023-12-11,2023-12-19
36.318405999999996,-86.571035,3.0,37075,2023-12-09,2023-12-19
36.589503,-87.396609,4.0,37042,2023-12-09,2023-12-19
35.131890999999996,-86.074861,3.0,37398,2023-12-09,2023-12-21
36.6157,-87.363689,4.0,37042,2023-12-09,2023-12-22
36.557266,-87.228579,3.0,37043,2023-12-09,2023-12-22
36.32252,-86.548526,3.0,37075,2023-12-09,2023-12-23
36.312044,-86.62543199999999,3.0,37075,2023-12-09,2023-12-23
36.638357,-87.38954199999999,2.0,37042,2023-12-09,2023-12-26
36.326508,-86.556206,3.0,37075,2023-12-09,2023-12-26
36.588924999999996,-87.441065,3.0,37042,2023-12-09,2023-12-27
36.256695,-86.69938499999999,4.0,37115,2023-12-09,2023-12-27
36.636989,-87.309175,5.0,37040,2023-12-09,2023-12-27
36.265603,-86.721474,3.0,37115,2023-12-09,2023-12-27
36.156915999999995,-86.876205,3.0,37209,2023-12-09,2023-12-28
36.635273,-87.299745,4.0,37040,2023-12-09,2023-12-28
36.345354,-86.508194,2.0,37066,2023-12-09,2023-12-28
36.606449,-87.38325999999999,3.0,37042,2023-12-09,2023-12-28
36.512692,-87.524619,2.0,37191,2023-12-09,2023-12-28
36.587886999999995,-87.43982799999999,2.0,37042,2023-12-09,2023-12-28
36.619473,-87.341127,5.0,37042,2023-12-09,2023-12-29
36.268397,-86.69085899999999,3.0,37115,2023-12-09,2023-12-29
36.044264999999996,-86.962778,4.0,37221,2023-12-11,2023-12-15
36.361385999999996,-86.44527599999999,3.0,37066,2023-12-09,2023-12-10
36.233319,-86.735834,2.0,37216,2023-12-09,2023-12-11
36.362518,-86.45106799999999,2.0,37066,2023-12-09,2023-12-09
36.27037,-86.728175,1.0,37115,2023-12-09,2023-12-10
36.319902,-86.57012,3.0,37075,2023-12-09,2023-12-11
41.7489,-72.616,4.0,06118,2023-12-11,2023-12-12
42.736152,-73.84669,4.0,12205,2023-12-10,2023-12-11
42.638822999999995,-73.570371,4.0,12018,2023-12-11,2023-12-12
42.666008,-73.766911,4.0,12206,2023-12-10,2023-12-12
43.083104,-73.79901799999999,4.0,12866,2023-12-11,2023-12-12
42.946382,-78.780936,4.0,14225,2023-12-11,2023-12-13
42.07508,-73.94916599999999,5.0,12477,2023-12-09,2023-12-11
41.172913,-74.000522,2.0,10956,2023-12-11,2023-12-12
41.114647999999995,-73.920486,4.0,10960,2023-12-10,2023-12-13
41.069348999999995,-74.011048,3.0,10965,2023-12-11,2023-12-13
41.361554,-73.740217,4.0,10541,2023-12-11,2023-12-26
43.253088,-77.426632,5.0,14580,2023-12-10,2023-12-12
42.084298,-75.944391,5.0,13903,2023-12-11,2023-12-15
43.115956999999995,-75.297845,5.0,13492,2023-12-11,2023-12-28
31.609022,-90.41037899999999,3.0,39601,2023-12-09,2023-12-13
35.171817,-89.736631,1.0,38016,2023-12-09,2023-12-12
36.627168999999995,-87.33098,5.0,37042,2023-12-09,2023-12-09
36.569945,-87.202927,2.0,37043,2023-12-09,2023-12-10
36.308023,-86.624088,2.0,37075,2023-12-09,2023-12-10
36.329366,-86.59182899999999,2.0,37075,2023-12-09,2023-12-10
36.614179,-87.35842799999999,1.0,37042,2023-12-09,2023-12-09
36.625819,-87.376738,2.0,37042,2023-12-09,2023-12-11
36.624613,-87.315612,1.0,37040,2023-12-09,2023-12-11
36.613895,-87.337671,1.0,37042,2023-12-09,2023-12-11
36.62808,-87.39375299999999,1.0,37042,2023-12-09,2023-12-11
36.258849999999995,-86.612855,1.0,37075,2023-12-09,2023-12-11
36.626689999999996,-87.381999,2.0,37042,2023-12-09,2023-12-11
36.361799,-86.578473,2.0,37075,2023-12-09,2023-12-11
36.638186,-87.382672,1.0,37042,2023-12-09,2023-12-11
36.616695,-87.36323399999999,1.0,37042,2023-12-09,2023-12-11
36.635267999999996,-87.388127,1.0,37042,2023-12-09,2023-12-11
36.609922,-87.345542,1.0,37042,2023-12-09,2023-12-12
36.3087,-86.58960499999999,1.0,37075,2023-12-10,2023-12-12
36.594437,-87.39764,1.0,37042,2023-12-10,2023-12-12
36.631875,-87.362386,1.0,37042,2023-12-09,2023-12-12
36.599989,-87.37784599999999,1.0,37042,2023-12-09,2023-12-12
36.638357,-87.38954199999999,1.0,37042,2023-12-09,2023-12-12
36.630108,-87.329746,1.0,37042,2023-12-09,2023-12-13
36.316171,-86.61708999999999,1.0,37075,2023-12-09,2023-12-13
36.317436,-86.576905,1.0,37075,2023-12-09,2023-12-13
36.629802999999995,-87.368939,1.0,37042,2023-12-09,2023-12-13
36.594104,-87.306553,1.0,37040,2023-12-09,2023-12-14
36.62914,-87.324602,1.0,37042,2023-12-09,2023-12-14
36.614475999999996,-87.34034199999999,1.0,37042,2023-12-09,2023-12-14
36.306672999999996,-86.571811,1.0,37075,2023-12-09,2023-12-15
36.592709,-87.42206999999999,4.0,37042,2023-12-09,2023-12-09
36.609705,-87.383101,5.0,37042,2023-12-09,2023-12-10
36.62614,-87.330219,5.0,37042,2023-12-09,2023-12-10
36.609705,-87.383101,3.0,37042,2023-12-10,2023-12-10
36.362707,-86.444987,1.0,37066,2023-12-09,2023-12-10
36.609705,-87.383101,4.0,37042,2023-12-09,2023-12-10
36.633369,-87.311725,3.0,37040,2023-12-09,2023-12-10
36.379650999999996,-86.4474,1.0,37066,2023-12-09,2023-12-10
36.613586,-87.363326,1.0,37042,2023-12-09,2023-12-10
36.609189,-87.31447899999999,3.0,37040,2023-12-09,2023-12-11
36.609705,-87.383101,4.0,37042,2023-12-09,2023-12-11
36.626557999999996,-87.33141599999999,4.0,37042,2023-12-09,2023-12-11
36.271813,-86.700818,1.0,37115,2023-12-09,2023-12-12
36.595288,-87.400778,1.0,37042,2023-12-09,2023-12-12
36.632234,-87.32716099999999,1.0,37042,2023-12-09,2023-12-12
36.628718,-87.380703,2.0,37042,2023-12-09,2023-12-12
36.300332999999995,-86.642939,5.0,37075,2023-12-09,2023-12-12
36.628048,-87.323129,5.0,37042,2023-12-09,2023-12-15
36.292708999999995,-86.62281899999999,1.0,37075,2023-12-09,2023-12-16
36.626557999999996,-87.381579,2.0,37042,2023-12-09,2023-12-16
36.261792,-86.766992,1.0,37207,2023-12-09,2023-12-18
36.615497999999995,-87.199626,1.0,37040,2023-12-09,2023-12-10
41.337848,-73.194548,3.0,06468,2023-12-10,2023-12-12
41.414913,-73.464552,3.0,06811,2023-12-11,2023-12-11
41.514143999999995,-72.98719799999999,4.0,06712,2023-12-10,2023-12-11
41.341738,-73.013676,4.0,06525,2023-12-09,2023-12-11
41.532384,-72.07477,4.0,06360,2023-12-11,2023-12-12
41.548038999999996,-72.27650799999999,5.0,06415,2023-12-11,2023-12-11
41.278048999999996,-72.957259,4.0,06516,2023-12-11,2023-12-11
41.322365999999995,-73.093143,4.0,06418,2023-12-10,2023-12-11
41.280339,-72.81740599999999,5.0,06405,2023-12-11,2023-12-11
41.572663,-72.674331,4.0,06457,2023-12-10,2023-12-11
41.490576,-72.884259,4.0,06410,2023-12-11,2023-12-11
41.827404,-72.27949,4.0,06268,2023-12-11,2023-12-12
41.425556,-72.92891999999999,4.0,06518,2023-12-11,2023-12-12
41.212893,-73.19460099999999,5.0,06606,2023-12-11,2023-12-12
41.757413,-72.302641,4.0,06238,2023-12-11,2023-12-12
41.288708,-73.14462999999999,4.0,06484,2023-12-09,2023-12-12
41.372617,-73.113343,3.0,06483,2023-12-10,2023-12-13
41.61488,-72.623959,5.0,06416,2023-12-11,2023-12-13
41.444165,-72.716247,4.0,06422,2023-12-11,2023-12-13
41.45274,-72.822447,5.0,06492,2023-12-11,2023-12-13
41.368106999999995,-73.078057,4.0,06483,2023-12-10,2023-12-13
41.520058,-72.085788,3.0,06360,2023-12-10,2023-12-14
41.620861,-72.50273299999999,5.0,06424,2023-12-10,2023-12-14
41.352591,-72.952429,3.0,06514,2023-12-09,2023-12-15
41.736108,-72.621258,4.0,06118,2023-12-10,2023-12-16
41.200191,-73.10508399999999,5.0,06460,2023-12-10,2023-12-17
41.44746,-72.980499,4.0,06524,2023-12-10,2023-12-18
41.428852,-73.248227,5.0,06482,2023-12-10,2023-12-18
41.752393,-72.758434,3.0,06107,2023-12-11,2023-12-11
39.932935,-75.57721099999999,4.0,19382,2023-12-10,2023-12-11
36.669779,-87.466516,1.0,42223,2023-12-09,2023-12-14
33.408429999999996,-86.88251,3.0,35211,2023-12-11,2023-12-13
34.162307999999996,-86.833783,3.0,35055,2023-12-09,2023-12-21
33.464888,-86.722079,1.0,35243,2023-12-10,2023-12-10
33.47109,-86.77315999999999,2.0,35209,2023-12-10,2023-12-11
33.427952999999995,-86.83058899999999,3.0,35226,2023-12-09,2023-12-19
33.513585,-86.720671,1.0,35213,2023-12-09,2023-12-11
33.411877,-86.694932,2.0,35242,2023-12-10,2023-12-10
34.972663,-84.21638399999999,2.0,30559,2023-12-09,2023-12-14
30.793999,-81.655188,1.0,31548,2023-12-11,2023-12-11
30.827299,-83.954972,2.0,31792,2023-12-10,2023-12-15
32.883168999999995,-83.826275,4.0,31220,2023-12-10,2023-12-11
30.964679999999998,-84.046947,2.0,31773,2023-12-10,2023-12-10
30.964679999999998,-84.046947,2.0,31773,2023-12-10,2023-12-11
33.870033,-84.582014,2.0,30060,2023-12-09,2023-12-15
39.132169,-77.23008,5.0,20878,2023-12-10,2023-12-13
34.998388999999996,-80.427144,4.0,28174,2023-12-10,2023-12-11
35.378844,-80.52492099999999,3.0,28025,2023-12-11,2023-12-14
35.152671999999995,-79.40844,1.0,28387,2023-12-10,2023-12-11
36.073888,-79.47872799999999,4.0,27215,2023-12-11,2023-12-11
36.134772999999996,-80.143198,2.0,27101,2023-12-11,2023-12-12
38.697068,-76.611594,4.0,20736,2023-12-11,2023-12-15
38.533857,-76.972808,4.0,20646,2023-12-11,2023-12-11
37.667586,-77.459114,4.0,23059,2023-12-11,2023-12-12
37.528391,-77.373494,3.0,23231,2023-12-10,2023-12-11
37.267633,-77.403848,5.0,23834,2023-12-10,2023-12-14
37.289051,-77.30264,5.0,23860,2023-12-09,2023-12-12
38.902391,-77.130861,4.0,22207,2023-12-11,2023-12-11
36.87177,-82.78016099999999,3.0,24219,2023-12-09,2023-12-11
37.462882,-79.25532299999999,2.0,24503,2023-12-10,2023-12-11
37.147909,-82.29096799999999,1.0,24256,2023-12-09,2023-12-10
41.303703999999996,-72.904495,4.0,06513,2023-12-11,2023-12-11
40.76248,-73.272953,4.0,11706,2023-12-10,2023-12-12
36.312066,-86.60337,4.0,37075,2023-12-09,2023-12-11
36.35384,-86.471667,3.0,37066,2023-12-09,2023-12-10
36.357955,-86.472444,3.0,37066,2023-12-09,2023-12-11
36.258445,-86.597529,3.0,37075,2023-12-09,2023-12-13
32.627871,-92.04911399999999,2.0,71203,2023-12-09,2023-12-11
32.631495,-92.046486,2.0,71203,2023-12-09,2023-12-11
32.672776999999996,-92.137057,2.0,71203,2023-12-09,2023-12-11
32.625195999999995,-91.926958,3.0,71229,2023-12-09,2023-12-18
32.672776999999996,-92.137057,2.0,71203,2023-12-09,2023-12-11
39.367334,-76.502186,5.0,21236,2023-12-10,2023-12-12
35.543082,-82.534064,3.0,28803,2023-12-10,2023-12-28
38.815639,-76.786942,4.0,20772,2023-12-11,2023-12-12
42.906422,-73.806339,2.0,12019,2023-12-11,2023-12-12
39.20129,-76.723747,5.0,21076,2023-12-10,2023-12-11
41.207082,-73.120055,4.0,06614,2023-12-11,2023-12-11
41.897918,-71.867054,4.0,06260,2023-12-10,2023-12-11
41.785607,-72.88380599999999,2.0,06001,2023-12-11,2023-12-12
41.295821,-72.97028399999999,4.0,06516,2023-12-10,2023-12-12
41.276686999999995,-72.96098099999999,4.0,06516,2023-12-10,2023-12-12
41.326429,-72.86069599999999,4.0,06513,2023-12-10,2023-12-14
36.06057,-86.692993,4.0,37013,2023-12-09,2023-12-12
36.610061,-87.42442,3.0,37042,2023-12-09,2023-12-15
35.505441,-80.977302,3.0,28037,2023-12-10,2023-12-11
35.722395,-78.636316,3.0,27529,2023-12-10,2023-12-12
35.548587,-80.401833,4.0,28138,2023-12-10,2023-12-10
38.739199,-76.96844899999999,5.0,20744,2023-12-10,2023-12-11
38.267998,-76.468589,5.0,20653,2023-12-11,2023-12-12
39.133503,-76.72757899999999,5.0,21144,2023-12-11,2023-12-12
38.910092,-77.227829,3.0,22182,2023-12-10,2023-12-13
33.47444,-86.79294,5.0,35209,2023-12-10,2023-12-10
33.235878,-87.170771,3.0,35111,2023-12-09,2023-12-10
33.459072,-86.808103,3.0,35209,2023-12-10,2023-12-10
36.315886,-86.58967799999999,5.0,37075,2023-12-09,2023-12-15
36.57919,-87.45631,5.0,37042,2023-12-09,2023-12-09
36.579581999999995,-87.45503099999999,4.0,37042,2023-12-09,2023-12-09
36.639234,-87.29535,3.0,37040,2023-12-09,2023-12-09
36.278608,-86.69672899999999,4.0,37115,2023-12-09,2023-12-09
36.351607,-86.472917,5.0,37066,2023-12-09,2023-12-09
36.366823,-86.431754,3.0,37066,2023-12-09,2023-12-10
36.337848,-86.526479,3.0,37066,2023-12-09,2023-12-10
36.633675,-87.30878299999999,5.0,37040,2023-12-09,2023-12-10
36.587146,-87.437381,5.0,37042,2023-12-09,2023-12-10
36.634888,-87.301852,3.0,37040,2023-12-09,2023-12-10
36.614968999999995,-87.35934999999999,4.0,37042,2023-12-09,2023-12-11
36.638669,-87.298232,3.0,37040,2023-12-09,2023-12-11
36.327858,-86.547603,5.0,37075,2023-12-09,2023-12-17
36.277628,-86.706755,4.0,37115,2023-12-09,2023-12-10
36.272456999999996,-86.718119,3.0,37115,2023-12-09,2023-12-10
31.443634,-86.37968,2.0,36421,2023-12-10,2023-12-11
39.542259,-75.95105099999999,5.0,21901,2023-12-11,2023-12-11
32.644681999999996,-92.05335199999999,3.0,71203,2023-12-09,2023-12-11
33.427085,-86.851095,3.0,35211,2023-12-09,2023-12-11
33.459025,-86.735165,3.0,35243,2023-12-09,2023-12-10
33.469173999999995,-86.765249,3.0,35216,2023-12-09,2023-12-10
33.465812,-86.735378,5.0,35243,2023-12-09,2023-12-10
33.459403,-86.80727499999999,3.0,35209,2023-12-09,2023-12-10
33.472052,-86.725618,3.0,35243,2023-12-09,2023-12-10
33.460757,-86.81391699999999,3.0,35209,2023-12-09,2023-12-10
33.420646,-86.83730899999999,5.0,35226,2023-12-10,2023-12-10
33.470793,-86.739007,4.0,35223,2023-12-09,2023-12-10
33.469878,-86.73995599999999,5.0,35223,2023-12-10,2023-12-10
33.471953,-86.771946,4.0,35209,2023-12-10,2023-12-10
33.474382999999996,-86.726523,3.0,35223,2023-12-09,2023-12-10
33.45004,-86.832557,4.0,35209,2023-12-09,2023-12-10
33.424959,-86.819453,3.0,35226,2023-12-09,2023-12-11
33.460741999999996,-86.808505,3.0,35209,2023-12-09,2023-12-11
33.425428,-86.82118299999999,3.0,35226,2023-12-09,2023-12-11
33.472953,-86.72192,5.0,35243,2023-12-09,2023-12-11
33.466234,-86.798829,3.0,35209,2023-12-10,2023-12-11
33.466234,-86.798829,3.0,35209,2023-12-10,2023-12-11
33.471531,-86.77273199999999,3.0,35209,2023-12-09,2023-12-10
33.459029,-86.8154,3.0,35209,2023-12-09,2023-12-10
33.465393,-86.734319,4.0,35243,2023-12-09,2023-12-10
33.432949,-86.781234,3.0,35216,2023-12-10,2023-12-10
39.448442,-76.654789,3.0,21093,2023-12-11,2023-12-22
39.266754,-76.675052,4.0,21229,2023-12-11,2023-12-28
33.995062,-84.0416,4.0,30043,2023-12-09,2023-12-11
41.705298,-72.899823,4.0,06010,2023-12-10,2023-12-12
41.571594999999995,-72.543629,2.0,06424,2023-12-10,2023-12-11
41.346709,-72.897888,4.0,06517,2023-12-10,2023-12-11
41.385883,-72.84330299999999,4.0,06473,2023-12-11,2023-12-11
41.584734,-73.083107,3.0,06708,2023-12-11,2023-12-11
41.420501,-72.745576,4.0,06472,2023-12-11,2023-12-11
41.789941,-71.948407,4.0,06234,2023-12-11,2023-12-11
41.869527,-71.980501,4.0,06259,2023-12-11,2023-12-11
41.476383,-73.469292,3.0,06812,2023-12-10,2023-12-11
41.380942,-73.449635,3.0,06810,2023-12-11,2023-12-11
41.502848,-72.075979,4.0,06360,2023-12-11,2023-12-11
41.910084,-72.321862,2.0,06084,2023-12-11,2023-12-11
41.754143,-72.748358,4.0,06107,2023-12-10,2023-12-11
41.7636,-72.68549999999999,3.0,06183,2023-12-10,2023-12-11
41.273793999999995,-72.782129,5.0,06405,2023-12-11,2023-12-11
41.882352999999995,-72.633038,4.0,06095,2023-12-10,2023-12-11
41.502618999999996,-72.669448,4.0,06457,2023-12-10,2023-12-11
41.476894,-73.468527,4.0,06812,2023-12-10,2023-12-18
41.537186,-72.060239,4.0,06360,2023-12-10,2023-12-19
41.273196999999996,-72.860412,4.0,06405,2023-12-10,2023-12-19
41.499167,-72.696032,4.0,06455,2023-12-11,2023-12-11
41.349574,-72.06703499999999,2.0,06340,2023-12-09,2023-12-11
41.691716,-72.796166,4.0,06053,2023-12-11,2023-12-11
42.495871,-71.27761199999999,5.0,01730,2023-12-10,2023-12-19
42.209241,-70.969222,3.0,02188,2023-12-11,2023-12-28
42.57213,-70.95048899999999,1.0,01923,2023-12-11,2023-12-29
33.874629,-84.17586,4.0,30084,2023-12-09,2023-12-11
39.037413,-77.11519,4.0,20852,2023-12-10,2023-12-19
39.242878999999995,-77.264973,5.0,20871,2023-12-10,2023-12-21
39.085046999999996,-77.099053,5.0,20853,2023-12-10,2023-12-28
39.063534,-76.98257699999999,4.0,20904,2023-12-11,2023-12-28
36.295133,-86.701301,5.0,37115,2023-12-09,2023-12-11
36.303305,-86.633731,3.0,37075,2023-12-09,2023-12-11
36.569199999999995,-87.3414,3.0,37041,2023-12-09,2023-12-11
36.301795,-86.652264,3.0,37075,2023-12-09,2023-12-11
36.315886,-86.58967799999999,3.0,37075,2023-12-09,2023-12-28
36.30919,-86.617498,4.0,37075,2023-12-09,2023-12-09
36.283491999999995,-86.704212,2.0,37115,2023-12-09,2023-12-10
36.362063,-86.442368,3.0,37066,2023-12-09,2023-12-10
36.594291999999996,-87.419258,4.0,37042,2023-12-09,2023-12-09
36.600263999999996,-87.41331199999999,5.0,37042,2023-12-09,2023-12-09
36.600401,-87.411912,3.0,37042,2023-12-09,2023-12-09
36.619476,-87.347681,4.0,37042,2023-12-09,2023-12-09
36.641584,-87.285406,3.0,37040,2023-12-09,2023-12-09
36.637789,-87.298818,3.0,37040,2023-12-09,2023-12-09
36.620118,-87.344438,3.0,37042,2023-12-09,2023-12-09
36.634509,-87.30443799999999,1.0,37040,2023-12-09,2023-12-09
36.614585999999996,-87.358372,3.0,37042,2023-12-09,2023-12-09
36.596816,-87.412284,4.0,37042,2023-12-09,2023-12-09
36.640316999999996,-87.291934,3.0,37040,2023-12-09,2023-12-09
36.301283999999995,-86.64029099999999,3.0,37075,2023-12-09,2023-12-09
36.637761,-87.300438,3.0,37040,2023-12-09,2023-12-09
36.615228,-87.359117,5.0,37042,2023-12-09,2023-12-09
36.615047,-87.35896,3.0,37042,2023-12-09,2023-12-09
36.344346,-86.51567399999999,4.0,37066,2023-12-09,2023-12-09
36.350198999999996,-86.48328,3.0,37066,2023-12-09,2023-12-09
36.636192,-87.30145999999999,4.0,37040,2023-12-09,2023-12-09
36.332302999999996,-86.54168399999999,4.0,37066,2023-12-09,2023-12-09
36.640512,-87.280936,3.0,37040,2023-12-09,2023-12-09
36.481603,-86.87659699999999,3.0,37172,2023-12-09,2023-12-10
36.333532999999996,-86.538859,3.0,37066,2023-12-09,2023-12-10
36.268207,-86.730892,3.0,37115,2023-12-09,2023-12-10
36.337227,-86.531054,5.0,37066,2023-12-09,2023-12-10
36.634851,-87.30501,5.0,37040,2023-12-09,2023-12-10
36.400898999999995,-86.333765,3.0,37031,2023-12-09,2023-12-10
36.592043,-87.421019,5.0,37042,2023-12-09,2023-12-10
36.616721,-87.35410399999999,3.0,37042,2023-12-09,2023-12-10
36.363462,-86.433154,2.0,37066,2023-12-09,2023-12-10
36.321799,-86.561559,3.0,37075,2023-12-09,2023-12-10
36.273109,-86.717912,3.0,37115,2023-12-09,2023-12-10
36.279762999999996,-86.698498,3.0,37115,2023-12-09,2023-12-10
36.318376,-86.582758,3.0,37075,2023-12-09,2023-12-10
36.633642,-87.30399899999999,3.0,37040,2023-12-09,2023-12-10
36.330684,-86.539457,3.0,37066,2023-12-09,2023-12-10
36.616509,-87.354073,3.0,37042,2023-12-09,2023-12-10
36.330684,-86.543461,3.0,37066,2023-12-09,2023-12-10
36.6062,-87.3753,2.0,37042,2023-12-09,2023-12-10
36.283936,-86.700723,3.0,37115,2023-12-09,2023-12-10
36.618781,-87.341893,3.0,37042,2023-12-09,2023-12-10
36.484819,-86.867834,3.0,37172,2023-12-09,2023-12-10
36.596461999999995,-87.41295099999999,4.0,37042,2023-12-09,2023-12-10
36.615083999999996,-87.350366,3.0,37042,2023-12-09,2023-12-10
36.311096,-86.61695399999999,3.0,37075,2023-12-09,2023-12-10
36.637919,-87.30033999999999,3.0,37040,2023-12-09,2023-12-10
36.380652999999995,-86.389439,3.0,37066,2023-12-09,2023-12-10
36.270196999999996,-86.71830399999999,3.0,37115,2023-12-09,2023-12-10
36.27026,-86.732134,3.0,37115,2023-12-09,2023-12-10
36.344381999999996,-86.507891,4.0,37066,2023-12-09,2023-12-10
36.333275,-86.53532299999999,3.0,37066,2023-12-09,2023-12-10
36.284138999999996,-86.701408,3.0,37115,2023-12-09,2023-12-10
36.595538999999995,-87.42029099999999,5.0,37042,2023-12-09,2023-12-10
36.618829,-87.345884,3.0,37042,2023-12-09,2023-12-10
36.616865,-87.36242899999999,3.0,37042,2023-12-09,2023-12-10
36.606905,-87.383398,3.0,37042,2023-12-09,2023-12-11
36.618657,-87.35467899999999,2.0,37042,2023-12-09,2023-12-11
36.636497,-87.30081899999999,3.0,37040,2023-12-09,2023-12-11
36.271066,-86.72428099999999,2.0,37115,2023-12-09,2023-12-11
36.347243999999996,-86.494,5.0,37066,2023-12-09,2023-12-11
36.638056,-87.300249,5.0,37040,2023-12-09,2023-12-11
36.280904,-86.70476699999999,3.0,37115,2023-12-09,2023-12-11
36.272028999999996,-86.716909,3.0,37115,2023-12-09,2023-12-11
36.272391999999996,-86.72704999999999,3.0,37115,2023-12-09,2023-12-11
36.270407,-86.709651,2.0,37115,2023-12-09,2023-12-11
36.616689,-87.3604,2.0,37042,2023-12-09,2023-12-11
36.343617,-86.51749099999999,5.0,37066,2023-12-09,2023-12-11
36.607760999999996,-87.391243,2.0,37042,2023-12-09,2023-12-11
36.641031,-87.290943,5.0,37040,2023-12-09,2023-12-11
36.596801,-87.412039,3.0,37042,2023-12-09,2023-12-11
36.278400999999995,-86.703153,3.0,37115,2023-12-09,2023-12-11
36.392215,-86.46636199999999,3.0,37066,2023-12-09,2023-12-11
36.278335,-86.70294,3.0,37115,2023-12-09,2023-12-11
36.343320999999996,-86.503632,3.0,37066,2023-12-09,2023-12-11
36.634895,-87.31048299999999,3.0,37040,2023-12-09,2023-12-11
36.186898,-86.71441,3.0,37206,2023-12-09,2023-12-11
36.641498999999996,-87.290711,3.0,37040,2023-12-09,2023-12-11
36.364145,-86.434045,3.0,37066,2023-12-09,2023-12-11
36.366031,-86.438689,3.0,37066,2023-12-09,2023-12-11
36.611366,-87.425174,3.0,37042,2023-12-09,2023-12-11
36.324396,-86.561636,2.0,37075,2023-12-09,2023-12-11
36.638383999999995,-87.36568899999999,1.0,37042,2023-12-09,2023-12-11
36.339704999999995,-86.53011,3.0,37066,2023-12-09,2023-12-11
36.335491999999995,-86.535049,4.0,37066,2023-12-09,2023-12-11
36.379892999999996,-86.386515,3.0,37066,2023-12-09,2023-12-11
36.272839999999995,-86.71460599999999,3.0,37115,2023-12-10,2023-12-11
36.563818999999995,-86.514404,3.0,37148,2023-12-09,2023-12-11
36.265229999999995,-86.745155,5.0,37115,2023-12-09,2023-12-11
36.271335,-86.716185,3.0,37115,2023-12-09,2023-12-11
36.295473,-86.630088,2.0,37075,2023-12-09,2023-12-11
36.351866,-86.49717799999999,3.0,37066,2023-12-09,2023-12-11
36.563704,-87.405176,4.0,37042,2023-12-09,2023-12-11
36.640878,-87.29265099999999,3.0,37040,2023-12-09,2023-12-11
36.611623,-87.36242899999999,2.0,37040,2023-12-09,2023-12-12
36.593226,-87.420796,3.0,37042,2023-12-09,2023-12-12
36.639300999999996,-87.300079,3.0,37040,2023-12-09,2023-12-12
36.621604,-87.38501199999999,2.0,37042,2023-12-10,2023-12-12
36.31418,-86.69018799999999,3.0,37072,2023-12-09,2023-12-12
36.616047,-87.36383599999999,3.0,37042,2023-12-09,2023-12-12
36.282394,-86.703853,3.0,37115,2023-12-09,2023-12-12
36.594457999999996,-87.426305,3.0,37042,2023-12-09,2023-12-12
36.637707999999996,-87.30113899999999,5.0,37040,2023-12-09,2023-12-13
36.581572,-87.445703,2.0,37042,2023-12-09,2023-12-13
36.595673,-87.407482,3.0,37042,2023-12-09,2023-12-13
36.584298,-87.447474,3.0,37042,2023-12-09,2023-12-14
36.641594,-87.28733,3.0,37040,2023-12-10,2023-12-14
36.321611,-86.586377,3.0,37075,2023-12-09,2023-12-15
36.324242,-86.614358,3.0,37075,2023-12-09,2023-12-15
36.361689,-86.441803,3.0,37066,2023-12-09,2023-12-15
36.356733,-86.591959,3.0,37075,2023-12-09,2023-12-15
36.300923999999995,-86.62457599999999,3.0,37075,2023-12-09,2023-12-16
36.323706,-86.63601899999999,3.0,37075,2023-12-09,2023-12-16
36.19365,-86.758629,3.0,37207,2023-12-09,2023-12-16
36.633845,-87.358037,4.0,37042,2023-12-09,2023-12-16
36.342406,-86.49949699999999,3.0,37066,2023-12-09,2023-12-17
36.480114,-86.875165,3.0,37172,2023-12-09,2023-12-18
36.61823,-87.331833,3.0,37042,2023-12-09,2023-12-18
36.436976,-86.785906,2.0,37073,2023-12-09,2023-12-20
36.537191,-86.036125,3.0,37083,2023-12-09,2023-12-20
36.360693999999995,-86.60473999999999,3.0,37075,2023-12-09,2023-12-20
36.340135,-86.527723,3.0,37066,2023-12-09,2023-12-20
36.579312,-87.45687199999999,3.0,37042,2023-12-09,2023-12-12
36.337472999999996,-86.531679,3.0,37066,2023-12-09,2023-12-10
36.347001999999996,-86.49706499999999,3.0,37066,2023-12-09,2023-12-10
36.620233,-87.34303899999999,2.0,37042,2023-12-09,2023-12-10
36.337458999999996,-86.531027,4.0,37066,2023-12-09,2023-12-10
36.365234,-86.432037,3.0,37066,2023-12-09,2023-12-10
36.339192,-86.509716,3.0,37066,2023-12-09,2023-12-09
36.339254,-86.528658,3.0,37066,2023-12-09,2023-12-10
36.624767,-87.327843,3.0,37042,2023-12-09,2023-12-10
36.384319999999995,-86.387214,5.0,37066,2023-12-09,2023-12-10
36.367273,-86.427185,3.0,37066,2023-12-09,2023-12-10
36.277336,-86.706527,3.0,37115,2023-12-09,2023-12-10
36.62065,-87.352048,3.0,37042,2023-12-09,2023-12-10
40.820654999999995,-74.534373,3.0,07960,2023-12-11,2023-12-27
38.540943,-76.95257099999999,4.0,20646,2023-12-11,2023-12-11
38.771941,-76.833681,4.0,20772,2023-12-11,2023-12-11
38.630885,-76.94465,5.0,20603,2023-12-10,2023-12-11
38.519965,-76.97533399999999,5.0,20646,2023-12-11,2023-12-11
39.018828,-76.915412,3.0,20740,2023-12-11,2023-12-11
38.611553,-77.02393699999999,4.0,20695,2023-12-11,2023-12-12
38.15361,-76.42281299999999,5.0,20684,2023-12-11,2023-12-13
38.824571,-76.996045,4.0,20745,2023-12-10,2023-12-13
38.859406,-76.929947,5.0,20746,2023-12-11,2023-12-14
38.781444,-76.545808,5.0,20751,2023-12-10,2023-12-16
38.755376,-76.80372299999999,5.0,20772,2023-12-10,2023-12-19
38.591291999999996,-76.90469399999999,5.0,20602,2023-12-10,2023-12-23
38.591266999999995,-76.90467799999999,5.0,20602,2023-12-11,2023-12-23
38.859721,-76.874196,5.0,20747,2023-12-11,2023-12-11
38.771679,-76.555666,4.0,20751,2023-12-10,2023-12-13
31.441281999999998,-86.448009,3.0,36421,2023-12-10,2023-12-11
36.919286,-86.45132799999999,4.0,42104,2023-12-09,2023-12-09
37.051093,-87.424852,5.0,42217,2023-12-09,2023-12-11
36.979709,-86.412328,3.0,42103,2023-12-09,2023-12-19
32.649592999999996,-92.054672,3.0,71280,2023-12-09,2023-12-14
36.361912,-86.456169,5.0,37066,2023-12-09,2023-12-10
36.134723,-88.98853799999999,4.0,38369,2023-12-09,2023-12-11
36.131066,-88.809221,4.0,38230,2023-12-09,2023-12-11
36.645849999999996,-80.277424,5.0,24171,2023-12-10,2023-12-11
37.83813,-76.29166699999999,4.0,22539,2023-12-10,2023-12-11
33.479714,-86.731201,5.0,35223,2023-12-09,2023-12-10
33.460347999999996,-86.810211,5.0,35209,2023-12-10,2023-12-10
33.463561,-86.74113799999999,5.0,35243,2023-12-10,2023-12-10
33.426743,-86.816131,4.0,35226,2023-12-09,2023-12-10
36.305987,-86.620847,3.0,37075,2023-12-09,2023-12-10
36.323063,-86.569136,3.0,37075,2023-12-09,2023-12-10
36.306048,-86.62401299999999,3.0,37075,2023-12-09,2023-12-11
36.283544,-86.690102,3.0,37115,2023-12-09,2023-12-11
36.284921,-86.689584,3.0,37115,2023-12-09,2023-12-11
36.609601999999995,-87.38038,3.0,37042,2023-12-09,2023-12-15
36.272670999999995,-86.713757,4.0,37115,2023-12-09,2023-12-10
36.304279,-86.628582,3.0,37075,2023-12-09,2023-12-10
36.618376999999995,-87.35149,5.0,37042,2023-12-09,2023-12-09
36.607963999999996,-87.387277,5.0,37042,2023-12-09,2023-12-09
36.615829,-87.35723399999999,5.0,37042,2023-12-09,2023-12-09
36.615795999999996,-87.35838799999999,3.0,37042,2023-12-09,2023-12-09
36.615136,-87.360675,5.0,37042,2023-12-09,2023-12-09
36.615206,-87.36048,5.0,37042,2023-12-09,2023-12-09
36.347601,-86.50014,5.0,37066,2023-12-09,2023-12-09
36.591049999999996,-87.42585199999999,5.0,37042,2023-12-09,2023-12-10
36.582361,-87.44812399999999,5.0,37042,2023-12-09,2023-12-11
37.491203999999996,-77.620885,4.0,23236,2023-12-10,2023-12-10
36.282019,-86.698488,3.0,37115,2023-12-09,2023-12-11
33.429128999999996,-86.823137,3.0,35226,2023-12-11,2023-12-11
36.346016,-86.515864,3.0,37066,2023-12-09,2023-12-11
36.372261,-86.412064,3.0,37066,2023-12-09,2023-12-14
